County Name,Observation Count,Arithmetic Mean,Arithmetic Standard Dev
Alameda,8092,6.423752,5.898829
Alameda,8602,6.479772,5.843729
Alameda,8511,6.910116,6.463004
Alameda,8515,8.782971,7.840665
Alameda,3474,6.998273,5.003367
Alameda,8482,7.099859,5.983671
Alameda,8533,6.174851,5.593294
Butte,8310,7.970036,7.774143
Butte,8310,7.970036,7.774143
Butte,6900,7.816957,8.252149
Butte,25,0.02088,0.0044
Butte,25,0.001,0.0
Butte,25,0.09304,0.037123
Butte,25,0.00312,0.0006
Butte,25,0.00132,0.00069
Butte,25,0.02492,0.01656
Butte,25,0.002,0.0
Butte,25,0.002,0.0
Butte,25,0.0064,0.001384
Butte,25,0.05524,0.070646
Butte,25,0.03868,0.025151
Butte,25,0.00204,0.0002
Butte,25,0.002,0.0
Butte,25,0.003,0.0
Butte,25,0.002,0.0
Butte,25,0.002,0.0
Butte,25,0.00352,0.002452
Butte,25,0.001,0.0
Butte,25,0.02088,0.0044
Butte,25,0.00292,0.001847
Butte,25,0.002,0.0
Butte,25,0.07252,0.060019
Butte,25,0.00804,0.0039
Butte,25,0.002,0.0
Butte,25,0.14868,0.127999
Butte,25,0.001,0.0
Butte,25,0.07488,0.053975
Butte,25,0.002,0.0
Butte,25,0.1012,0.096494
Butte,25,0.0624,0.036774
Butte,25,0.326,0.182962
Butte,24,2.642083,1.794089
Butte,24,0.194583,0.216172
Butte,24,2.48625,1.70486
Butte,24,0.305417,0.381473
Butte,24,0.523333,0.415385
Butte,24,0.855417,0.495194
Butte,24,0.4075,0.216137
Butte,24,0.387083,0.317757
Butte,24,0.31375,0.314018
Butte,24,0.632917,0.557592
Butte,24,0.07625,0.040412
Butte,24,0.05,0.0
Butte,24,0.544167,0.398769
Butte,22,0.280455,0.27453
Butte,22,0.027727,0.024286
Butte,22,0.018636,0.014895
Butte,25,0.3488,0.288723
Butte,24,5.816667,3.066036
Butte,2595,4.360308,4.189613
Butte,108,4.30463,2.401339
Butte,5315,6.745983,4.482974
Butte,220,6.703636,3.076867
Butte,8590,7.607101,7.924849
Butte,360,7.561111,5.720032
Calaveras,8527,5.630351,5.491222
Colusa,5820,13.357595,5.664449
Colusa,5820,13.357595,5.664449
Colusa,8560,7.438715,6.797575
Contra Costa,7763,6.422259,5.445614
Contra Costa,8491,9.981392,8.111887
Del Norte,115,0.0,0.0
Del Norte,115,0.005713,0.009803
Del Norte,115,0.001948,0.001555
Del Norte,115,0.020739,0.020023
Del Norte,115,9e-06,9.3e-05
Del Norte,115,9e-06,9.3e-05
Del Norte,115,0.478496,0.604046
Del Norte,115,0.00593,0.006897
Del Norte,115,9.6e-05,0.000295
Del Norte,115,8.7e-05,0.000312
Del Norte,115,0.0,0.0
Del Norte,115,0.044183,0.040463
Del Norte,115,0.000522,0.000921
Del Norte,115,9e-06,9.3e-05
Del Norte,115,0.000496,0.000788
Del Norte,115,0.0,0.0
Del Norte,115,0.018,0.025154
Del Norte,115,0.000661,0.000804
Del Norte,115,0.000409,0.00062
Del Norte,115,0.132435,0.091738
Del Norte,115,0.0,0.0
Del Norte,115,0.029104,0.020186
Del Norte,115,0.393243,0.335588
Del Norte,115,0.000226,0.000828
Del Norte,116,0.723928,0.894506
Del Norte,116,0.134603,0.123892
Del Norte,116,0.977414,2.27715
Del Norte,116,0.080517,0.17454
Del Norte,116,0.059474,0.381619
Del Norte,116,0.228224,0.775064
Del Norte,116,0.352595,0.601917
Del Norte,116,0.196103,0.27922
Del Norte,116,0.140612,0.326603
Del Norte,116,0.203716,0.479716
Del Norte,116,0.017836,0.025814
Del Norte,116,0.0,0.0
Del Norte,116,0.0,0.003446
Del Norte,115,0.546208,0.378438
Del Norte,116,0.173593,0.159808
Del Norte,115,0.107252,0.116466
Del Norte,116,1.758445,4.09893
Del Norte,116,0.391457,0.282163
Del Norte,115,4.35913,6.251104
Del Norte,7443,7.764611,19.578849
Del Norte,306,7.74085,9.473746
Del Norte,7793,11.012319,14.423588
Del Norte,323,10.988235,8.118022
El Dorado,118,0.0,0.0
El Dorado,118,0.050958,0.045458
El Dorado,118,0.001102,0.000744
El Dorado,118,0.033102,0.062073
El Dorado,118,8e-06,9.2e-05
El Dorado,118,0.000517,0.00113
El Dorado,118,0.003,0.005669
El Dorado,118,0.040627,0.034226
El Dorado,118,0.00022,0.000416
El Dorado,118,0.000915,0.000873
El Dorado,118,0.0,0.0
El Dorado,118,0.013076,0.013306
El Dorado,118,0.000568,0.000779
El Dorado,118,0.0,0.0
El Dorado,118,0.003534,0.002858
El Dorado,118,0.0,0.0
El Dorado,118,0.122653,0.112099
El Dorado,118,0.001805,0.00328
El Dorado,118,0.000347,0.001172
El Dorado,118,0.13272,0.101221
El Dorado,118,0.0,0.0
El Dorado,118,0.036364,0.040109
El Dorado,118,0.032195,0.033774
El Dorado,118,0.000203,0.000648
El Dorado,118,0.038206,0.041352
El Dorado,118,0.171508,0.16011
El Dorado,118,1.449153,1.149416
El Dorado,118,0.255593,0.214785
El Dorado,118,0.154653,0.252031
El Dorado,118,0.347805,0.33465
El Dorado,118,0.482169,0.359273
El Dorado,118,0.273661,0.202191
El Dorado,118,0.191237,0.113352
El Dorado,118,0.360288,0.252352
El Dorado,118,0.086424,0.052031
El Dorado,118,0.0,0.0
El Dorado,118,0.005095,0.01839
El Dorado,118,0.547471,0.417517
El Dorado,118,0.221244,0.206536
El Dorado,118,0.576554,0.523006
El Dorado,118,2.609165,2.068305
El Dorado,118,0.355093,0.27943
El Dorado,118,4.116949,2.560693
El Dorado,103,0.0,0.0
El Dorado,103,0.036835,0.040874
El Dorado,103,0.001029,0.000692
El Dorado,103,0.019621,0.024023
El Dorado,103,0.0,0.0
El Dorado,103,0.000155,0.000538
El Dorado,103,0.003359,0.023061
El Dorado,103,0.023835,0.024768
El Dorado,103,0.000214,0.000435
El Dorado,103,0.000544,0.000668
El Dorado,103,0.0,0.0
El Dorado,103,0.010592,0.015156
El Dorado,103,0.00034,0.000516
El Dorado,103,0.0,0.0
El Dorado,103,0.002699,0.005079
El Dorado,103,0.0,0.0
El Dorado,103,0.087718,0.103597
El Dorado,103,0.001126,0.001613
El Dorado,103,0.000126,0.000362
El Dorado,103,0.136146,0.101956
El Dorado,103,0.0,0.0
El Dorado,103,0.02334,0.018066
El Dorado,103,0.034117,0.040487
El Dorado,103,9.7e-05,0.00065
El Dorado,103,0.014049,0.029187
El Dorado,103,0.117524,0.14387
El Dorado,103,0.866699,0.771504
El Dorado,103,0.114757,0.129387
El Dorado,103,0.030689,0.067572
El Dorado,103,0.159709,0.164416
El Dorado,103,0.326068,0.283709
El Dorado,103,0.17768,0.157552
El Dorado,103,0.172126,0.132161
El Dorado,103,0.229282,0.20962
El Dorado,103,0.057942,0.04032
El Dorado,103,0.0,0.0
El Dorado,103,0.004843,0.013602
El Dorado,103,0.561538,0.420474
El Dorado,103,0.151545,0.185652
El Dorado,103,0.394578,0.44965
El Dorado,103,1.559213,1.389121
El Dorado,103,0.362058,0.272886
El Dorado,103,2.946602,2.094662
Fresno,8557,10.570959,9.872759
Fresno,118,0.002059,0.010755
Fresno,112,3.6e-05,0.000186
Fresno,118,8e-06,9.2e-05
Fresno,112,0.129473,0.134561
Fresno,118,0.07578,0.06115
Fresno,118,0.009585,0.0209
Fresno,112,0.003884,0.005333
Fresno,118,0.001364,0.002735
Fresno,118,0.000237,0.007028
Fresno,112,0.079089,0.069125
Fresno,118,0.046534,0.024385
Fresno,112,0.000634,0.001395
Fresno,117,0.001726,0.00307
Fresno,117,0.0,0.000857
Fresno,112,0.004955,0.006716
Fresno,117,0.001761,0.00427
Fresno,112,0.028714,0.058181
Fresno,118,0.019534,0.043893
Fresno,118,0.001,0.024116
Fresno,118,0.000136,0.012877
Fresno,112,0.158036,0.133312
Fresno,117,0.098171,0.054375
Fresno,112,0.001179,0.001187
Fresno,118,0.001483,0.004383
Fresno,118,0.001475,0.0086
Fresno,112,0.003161,0.002769
Fresno,118,0.002093,0.002663
Fresno,112,0.000179,0.000604
Fresno,117,0.000701,0.001139
Fresno,112,0.048071,0.041606
Fresno,118,0.029924,0.043028
Fresno,112,0.003616,0.00374
Fresno,118,0.001644,0.002812
Fresno,112,9.8e-05,0.000299
Fresno,118,0.000127,0.001522
Fresno,118,0.00239,0.008315
Fresno,112,0.01258,0.010955
Fresno,118,0.007229,0.005163
Fresno,112,1.8e-05,0.000133
Fresno,118,5.1e-05,0.000221
Fresno,112,0.339438,0.346791
Fresno,118,0.178975,0.128377
Fresno,118,0.000161,0.007257
Fresno,112,0.009214,0.008898
Fresno,118,0.009585,0.008136
Fresno,112,0.001286,0.00206
Fresno,118,0.000822,0.002099
Fresno,112,0.288161,0.142998
Fresno,118,0.289186,0.158521
Fresno,112,0.000107,0.000338
Fresno,118,0.000466,0.001871
Fresno,112,0.112268,0.103127
Fresno,118,0.103839,0.094148
Fresno,112,0.153964,0.154523
Fresno,118,0.092746,0.14857
Fresno,112,0.002527,0.002189
Fresno,118,0.003034,0.00814
Fresno,114,0.14033,0.137049
Fresno,119,0.142826,0.135582
Fresno,119,0.495714,0.777274
Fresno,119,0.07479,0.101563
Fresno,114,1.922096,2.650793
Fresno,119,1.98,2.624557
Fresno,114,2.546579,1.784259
Fresno,111,3.237405,2.22696
Fresno,114,0.579912,0.605093
Fresno,111,0.831189,0.82015
Fresno,114,0.215816,0.264682
Fresno,111,0.168342,0.273622
Fresno,114,0.571211,0.431966
Fresno,111,0.991207,0.691414
Fresno,114,0.957789,0.657525
Fresno,111,1.137279,0.813167
Fresno,114,0.581465,0.413836
Fresno,111,0.361541,0.178821
Fresno,114,0.220009,0.165772
Fresno,111,0.582523,0.477711
Fresno,114,0.740868,0.605826
Fresno,111,1.237306,1.121997
Fresno,114,0.059254,0.030997
Fresno,111,0.16555,0.10118
Fresno,114,0.0,0.0
Fresno,111,0.011532,0.008532
Fresno,114,0.010257,0.01611
Fresno,112,1.188567,0.589953
Fresno,114,2.479479,3.419491
Fresno,112,1.665831,1.601136
Fresno,117,0.933238,0.582892
Fresno,114,4.5833,3.212498
Fresno,111,3.633441,2.429222
Fresno,111,0.571153,0.586431
Fresno,111,3.37345,2.221013
Fresno,111,0.186568,0.274554
Fresno,111,1.02536,0.69046
Fresno,111,1.190018,0.810798
Fresno,111,0.378369,0.177142
Fresno,111,0.593216,0.476289
Fresno,111,0.842486,0.669595
Fresno,111,0.831171,0.82016
Fresno,111,0.571153,0.586431
Fresno,111,3.497351,2.435066
Fresno,111,1.239894,1.121912
Fresno,111,0.17228,0.100766
Fresno,111,0.012183,0.008564
Fresno,111,0.853153,0.668581
Fresno,109,10.154955,7.196942
Fresno,114,0.781763,0.401847
Fresno,119,0.808571,0.436801
Fresno,112,10.616071,8.363838
Fresno,8586,6.469835,4.876921
Fresno,8586,6.469835,4.876921
Fresno,8561,6.575984,5.66256
Fresno,360,6.494167,4.364039
Fresno,8618,4.846333,5.608286
Fresno,8603,12.490062,10.554758
Fresno,8627,8.652127,7.641244
Fresno,8633,12.735109,11.039722
Fresno,3,0.0,0.0
Fresno,3,0.010333,0.012858
Fresno,3,0.0,0.0
Fresno,3,0.006333,0.006658
Fresno,3,0.0,0.0
Fresno,3,0.0,0.0
Fresno,3,0.005333,0.009238
Fresno,3,0.005667,0.006429
Fresno,3,0.0,0.0
Fresno,3,0.0,0.0
Fresno,3,0.0,0.0
Fresno,3,0.002333,0.001155
Fresno,3,0.0,0.0
Fresno,3,0.0,0.0
Fresno,3,0.000333,0.000577
Fresno,3,0.0,0.0
Fresno,3,0.023333,0.028729
Fresno,3,0.0,0.0
Fresno,3,0.0,0.0
Fresno,3,0.031,0.011136
Fresno,3,0.0,0.0
Fresno,3,0.005333,0.004163
Fresno,3,0.001667,0.002517
Fresno,3,0.000333,0.000577
Fresno,5,0.011344,0.011911
Fresno,5,0.0256,0.022678
Fresno,3,0.066667,0.063509
Fresno,3,0.033333,0.005774
Fresno,3,0.0,0.004583
Fresno,3,0.005,0.007211
Fresno,3,0.027667,0.018717
Fresno,3,0.019333,0.020257
Fresno,3,0.020333,0.025541
Fresno,3,0.022333,0.020648
Fresno,3,0.030333,0.008327
Fresno,3,0.0,0.0
Fresno,5,0.007338,0.018045
Fresno,3,0.12724,0.046426
Fresno,5,0.033,0.029276
Fresno,3,0.105093,0.129242
Fresno,3,0.117543,0.121028
Fresno,5,0.0662,0.039404
Fresno,3,0.6,0.2
Glenn,8524,6.70847,6.454296
Glenn,355,6.650704,4.31843
Humboldt,3456,15.630498,35.325295
Humboldt,3456,15.630498,35.325295
Humboldt,111,9.094595,10.597322
Humboldt,8243,9.255975,29.285696
Humboldt,342,9.211696,22.886391
Imperial,8311,9.492961,10.235508
Imperial,60,0.023,0.014057
Imperial,60,0.0013,0.000908
Imperial,60,0.262833,0.186603
Imperial,60,0.007817,0.005884
Imperial,60,0.010333,0.014221
Imperial,60,0.184283,0.103115
Imperial,60,0.002217,0.000993
Imperial,60,0.002,0.0
Imperial,60,0.013233,0.008813
Imperial,60,0.20165,0.429896
Imperial,60,0.183817,0.121259
Imperial,60,0.00755,0.0101
Imperial,60,0.00465,0.003804
Imperial,60,0.003,0.0
Imperial,60,0.002,0.0
Imperial,60,0.002,0.0
Imperial,60,0.0168,0.008388
Imperial,60,0.002683,0.005794
Imperial,60,0.022017,0.008288
Imperial,60,0.014967,0.010503
Imperial,60,0.002,0.0
Imperial,60,0.4635,0.432685
Imperial,60,0.0409,0.066339
Imperial,60,0.002233,0.00081
Imperial,60,0.355017,0.204375
Imperial,60,0.001017,0.000129
Imperial,60,0.194733,0.186273
Imperial,60,0.002,0.0
Imperial,60,0.438,0.517732
Imperial,60,0.114,0.133711
Imperial,60,0.860167,1.165394
Imperial,60,2.881667,1.680848
Imperial,60,0.757,1.281496
Imperial,60,2.868833,2.176269
Imperial,60,0.200667,0.253182
Imperial,60,0.642667,0.514883
Imperial,60,0.916667,0.546975
Imperial,60,0.539,0.231595
Imperial,60,0.561667,0.784133
Imperial,60,0.763167,0.802533
Imperial,60,1.223167,1.428754
Imperial,60,0.076667,0.038164
Imperial,60,0.05,0.0
Imperial,60,0.572167,0.283041
Imperial,35,0.083143,0.142865
Imperial,34,0.015,0.013981
Imperial,35,0.010286,0.00169
Imperial,60,0.8555,0.530176
Imperial,60,9.653333,6.509874
Imperial,8594,8.691285,12.422491
Imperial,6210,8.072351,8.110736
Inyo,8470,3.656919,3.129047
Inyo,8470,3.656919,3.129047
Inyo,4127,3.525273,2.416304
Inyo,4343,3.149735,3.382438
Inyo,119,8e-06,9.2e-05
Inyo,119,0.098454,0.101773
Inyo,119,0.001143,0.000857
Inyo,119,0.071966,0.069565
Inyo,119,0.0,0.0
Inyo,119,0.000336,0.000876
Inyo,119,0.001941,0.005632
Inyo,119,0.063462,0.065497
Inyo,119,0.000235,0.000445
Inyo,119,0.00163,0.001741
Inyo,119,0.0,0.0
Inyo,119,0.034571,0.034422
Inyo,119,0.000429,0.000732
Inyo,119,1.7e-05,0.000129
Inyo,119,0.005563,0.005709
Inyo,119,1.7e-05,0.000129
Inyo,119,0.268303,0.278007
Inyo,119,0.001227,0.001417
Inyo,119,0.000689,0.000909
Inyo,119,0.14884,0.103669
Inyo,119,5e-05,0.000255
Inyo,119,0.048,0.0443
Inyo,119,0.038773,0.036942
Inyo,119,0.000277,0.000758
Inyo,115,0.011237,0.016281
Inyo,115,0.108948,0.079917
Inyo,120,0.651583,0.422297
Inyo,120,0.083,0.059262
Inyo,120,0.010808,0.026138
Inyo,120,0.1093,0.085102
Inyo,120,0.2487,0.171677
Inyo,120,0.143275,0.094335
Inyo,120,0.1399,0.083859
Inyo,120,0.169192,0.107771
Inyo,120,0.054008,0.026942
Inyo,120,0.0,0.0
Inyo,115,0.003616,0.00902
Inyo,119,0.613918,0.427565
Inyo,115,0.140552,0.103122
Inyo,119,1.166239,1.192853
Inyo,120,1.173582,0.761585
Inyo,115,0.397078,0.28371
Inyo,119,3.343697,2.110412
Inyo,8537,6.396908,15.346532
Inyo,6518,4.623136,3.53017
Inyo,6518,4.623136,3.53017
Inyo,6518,3.863747,3.234303
Inyo,6518,3.863747,3.234303
Inyo,8644,9.724977,12.099179
Inyo,8644,9.724977,12.099179
Inyo,8644,8.594366,11.753126
Inyo,8644,8.594366,11.753126
Inyo,4795,3.811366,2.320565
Inyo,4795,3.811366,2.320565
Inyo,4795,3.077602,1.956664
Inyo,4795,3.077602,1.956664
Kern,8562,13.617963,10.820672
Kern,108,0.000528,0.009841
Kern,57,1.8e-05,0.009376
Kern,108,0.0,0.0
Kern,57,0.0,0.0
Kern,108,0.102759,0.082596
Kern,57,0.096263,0.066056
Kern,108,0.009111,0.020322
Kern,57,0.016772,0.022079
Kern,108,0.001426,0.002158
Kern,57,0.001368,0.001838
Kern,108,0.001907,0.0079
Kern,57,0.001175,0.006825
Kern,108,0.084306,0.058563
Kern,57,0.079509,0.049375
Kern,105,0.001257,0.002668
Kern,57,0.001632,0.003266
Kern,105,0.0,0.000971
Kern,57,0.0,0.000908
Kern,105,0.0042,0.006244
Kern,57,0.003316,0.004968
Kern,108,0.01487,0.023919
Kern,57,0.007474,0.008337
Kern,108,0.0,0.019096
Kern,57,0.0,0.022288
Kern,108,0.0,0.01361
Kern,57,0.00107,0.012441
Kern,105,0.1422,0.092878
Kern,57,0.133228,0.075376
Kern,108,0.001935,0.004667
Kern,57,0.001667,0.004607
Kern,108,0.000713,0.009179
Kern,57,0.00114,0.00721
Kern,108,0.002769,0.003089
Kern,57,0.002246,0.002843
Kern,105,0.000752,0.001167
Kern,57,0.001,0.00135
Kern,108,0.032796,0.039129
Kern,57,0.033474,0.0333
Kern,108,0.00225,0.003157
Kern,57,0.002088,0.003258
Kern,108,0.000398,0.001734
Kern,57,0.000193,0.00162
Kern,108,0.001463,0.009345
Kern,57,0.001053,0.009328
Kern,108,0.009889,0.007681
Kern,57,0.008667,0.005677
Kern,108,7.4e-05,0.000263
Kern,57,8.8e-05,0.000342
Kern,108,0.267472,0.21026
Kern,57,0.253421,0.174212
Kern,108,0.00037,0.006236
Kern,57,0.001175,0.006222
Kern,108,0.010463,0.006744
Kern,57,0.009789,0.006422
Kern,108,0.000944,0.001985
Kern,57,0.000947,0.001797
Kern,108,0.350204,0.182469
Kern,57,0.342667,0.179307
Kern,108,0.0,0.001798
Kern,57,0.000105,0.00178
Kern,108,0.094065,0.059629
Kern,57,0.082842,0.045969
Kern,108,0.109741,0.126016
Kern,57,0.082509,0.10596
Kern,108,0.002389,0.008527
Kern,57,0.002351,0.007345
Kern,108,0.166401,0.156046
Kern,57,0.15173,0.145501
Kern,108,0.688056,1.070888
Kern,57,0.609825,0.901167
Kern,108,0.066204,0.083316
Kern,57,0.059123,0.064732
Kern,108,2.427037,3.512738
Kern,57,2.162281,2.950484
Kern,111,2.883369,1.659329
Kern,57,2.886368,1.666486
Kern,111,0.726099,0.665721
Kern,57,0.757474,0.590231
Kern,111,0.113495,0.243067
Kern,57,0.119561,0.216279
Kern,111,0.860568,0.529941
Kern,57,0.896018,0.513933
Kern,111,1.015811,0.564488
Kern,57,0.992842,0.581244
Kern,111,0.358802,0.124568
Kern,57,0.344175,0.121738
Kern,111,0.53818,0.389079
Kern,57,0.537228,0.430236
Kern,111,1.09609,0.921319
Kern,57,1.095456,0.852303
Kern,111,0.157892,0.059793
Kern,57,0.185825,0.082037
Kern,111,0.011045,0.005364
Kern,57,0.014035,0.007559
Kern,105,1.391678,1.011146
Kern,57,1.312456,0.809915
Kern,111,3.204189,1.803601
Kern,57,3.217211,1.767417
Kern,111,0.542712,0.506818
Kern,57,0.564474,0.489202
Kern,111,3.020748,1.654543
Kern,57,3.024263,1.660335
Kern,111,0.131964,0.243818
Kern,57,0.137754,0.216917
Kern,111,0.895099,0.530009
Kern,57,0.930614,0.513751
Kern,111,1.068883,0.562328
Kern,57,1.046298,0.578519
Kern,111,0.375793,0.122776
Kern,57,0.361421,0.119406
Kern,111,0.549,0.38789
Kern,57,0.548175,0.428439
Kern,111,0.721694,0.526357
Kern,57,0.730123,0.530902
Kern,111,0.726108,0.665717
Kern,57,0.757491,0.590225
Kern,111,0.542703,0.506825
Kern,57,0.564474,0.489202
Kern,111,3.066796,1.808306
Kern,57,3.079308,1.773117
Kern,111,1.098634,0.921021
Kern,57,1.098097,0.851819
Kern,111,0.164814,0.059506
Kern,57,0.192777,0.082104
Kern,111,0.011693,0.005336
Kern,57,0.014748,0.007541
Kern,111,0.732486,0.525238
Kern,57,0.741158,0.529257
Kern,99,10.590641,7.514721
Kern,51,10.536097,7.098196
Kern,108,0.969259,0.483953
Kern,57,0.943509,0.464372
Kern,8560,10.8975,8.877425
Kern,357,10.807003,7.281031
Kern,8393,4.564518,4.14687
Kern,1027,3.115579,2.539887
Kern,6938,5.963491,4.202894
Kern,8351,5.102622,6.357164
Kern,349,5.064756,3.497329
Kern,114,0.0,0.0
Kern,114,0.064123,0.05199
Kern,114,0.00164,0.001249
Kern,114,0.037096,0.028418
Kern,114,4.4e-05,0.000468
Kern,114,0.000904,0.001698
Kern,114,0.006553,0.025417
Kern,114,0.046447,0.036924
Kern,114,0.000447,0.000499
Kern,114,0.001149,0.000989
Kern,114,1.8e-05,0.000187
Kern,114,0.019851,0.01803
Kern,114,0.000895,0.001272
Kern,114,0.0,0.0
Kern,114,0.004298,0.003363
Kern,114,0.0,0.0
Kern,114,0.156877,0.126271
Kern,114,0.002728,0.006787
Kern,114,0.000386,0.000588
Kern,114,0.274342,0.228462
Kern,114,9e-06,9.4e-05
Kern,114,0.041009,0.045761
Kern,114,0.063149,0.059064
Kern,114,0.000237,0.000599
Kern,114,0.029362,0.044324
Kern,114,0.345044,0.408054
Kern,110,0.985091,0.737977
Kern,110,0.131727,0.085733
Kern,110,0.034391,0.055473
Kern,110,0.196818,0.165804
Kern,110,0.330082,0.260522
Kern,110,0.216,0.183816
Kern,110,0.208027,0.143578
Kern,110,0.283745,0.197099
Kern,110,0.056136,0.032694
Kern,110,0.0,0.0
Kern,114,0.003765,0.007219
Kern,114,1.131527,0.942464
Kern,114,0.445061,0.526366
Kern,114,0.712893,0.568107
Kern,110,1.773693,1.327879
Kern,114,0.717693,0.583051
Kern,114,4.238596,2.990531
Kings,8548,10.039775,9.564266
Kings,8626,12.581266,10.559817
Los Angeles,8685,8.148946,10.239926
Los Angeles,364,8.1,7.254329
Los Angeles,8631,11.792423,6.760199
Los Angeles,117,0.002222,0.009656
Los Angeles,59,0.025763,0.029933
Los Angeles,57,0.029088,0.03696
Los Angeles,117,0.0,0.0
Los Angeles,59,0.000525,0.000537
Los Angeles,57,0.000421,0.000533
Los Angeles,117,0.039034,0.041948
Los Angeles,59,0.112,0.064046
Los Angeles,57,0.106789,0.05693
Los Angeles,117,0.014957,0.021714
Los Angeles,59,0.017983,0.025262
Los Angeles,57,0.017912,0.024767
Los Angeles,117,0.001479,0.002049
Los Angeles,117,0.000658,0.007338
Los Angeles,59,0.005966,0.009469
Los Angeles,57,0.007158,0.008801
Los Angeles,117,0.05206,0.028381
Los Angeles,59,0.057186,0.033501
Los Angeles,57,0.054526,0.031319
Los Angeles,115,0.002757,0.003478
Los Angeles,59,0.003644,0.002941
Los Angeles,57,0.003649,0.002761
Los Angeles,115,0.0,0.000994
Los Angeles,59,0.000407,0.000529
Los Angeles,57,0.000333,0.000512
Los Angeles,115,0.004278,0.004368
Los Angeles,59,0.010441,0.012851
Los Angeles,57,0.010561,0.013443
Los Angeles,117,0.029966,0.085999
Los Angeles,59,0.100339,0.076715
Los Angeles,57,0.093982,0.073386
Los Angeles,117,0.004761,0.02335
Los Angeles,117,0.001248,0.014868
Los Angeles,59,0.000542,0.001119
Los Angeles,57,0.000649,0.001203
Los Angeles,115,0.14793,0.09248
Los Angeles,59,0.151203,0.086914
Los Angeles,57,0.149719,0.08164
Los Angeles,117,0.001521,0.004286
Los Angeles,59,0.002017,0.00121
Los Angeles,57,0.002053,0.001156
Los Angeles,117,0.000427,0.007898
Los Angeles,117,0.003838,0.003442
Los Angeles,59,0.004712,0.002297
Los Angeles,57,0.004807,0.002207
Los Angeles,59,0.003407,0.004885
Los Angeles,57,0.002614,0.00374
Los Angeles,115,0.001157,0.001144
Los Angeles,59,0.001169,0.000854
Los Angeles,57,0.001281,0.000996
Los Angeles,117,0.035872,0.042523
Los Angeles,59,0.072153,0.064929
Los Angeles,57,0.069842,0.063583
Los Angeles,117,0.000838,0.001952
Los Angeles,59,0.011373,0.004944
Los Angeles,57,0.011596,0.004739
Los Angeles,117,0.002214,0.003588
Los Angeles,59,0.002136,0.002649
Los Angeles,57,0.002246,0.002942
Los Angeles,117,0.003205,0.008171
Los Angeles,59,0.013542,0.019606
Los Angeles,57,0.015474,0.019299
Los Angeles,117,0.009299,0.005733
Los Angeles,59,0.007729,0.004394
Los Angeles,57,0.007386,0.004475
Los Angeles,117,5.1e-05,0.000222
Los Angeles,59,0.000576,0.000675
Los Angeles,57,0.000579,0.000625
Los Angeles,117,0.093974,0.08004
Los Angeles,59,0.118322,0.086844
Los Angeles,57,0.114632,0.080923
Los Angeles,117,0.000162,0.007497
Los Angeles,117,0.012692,0.00911
Los Angeles,59,0.011627,0.007256
Los Angeles,57,0.011842,0.007297
Los Angeles,117,0.001359,0.002238
Los Angeles,59,0.003254,0.009303
Los Angeles,57,0.003351,0.009397
Los Angeles,117,0.434145,0.346531
Los Angeles,59,0.456051,0.380074
Los Angeles,57,0.468368,0.381512
Los Angeles,117,0.000214,0.001847
Los Angeles,59,0.000678,0.000539
Los Angeles,57,0.000544,0.000537
Los Angeles,59,0.00078,0.000852
Los Angeles,57,0.000649,0.00079
Los Angeles,117,0.062513,0.03476
Los Angeles,59,0.112136,0.36653
Los Angeles,57,0.113754,0.381941
Los Angeles,59,0.000339,0.000545
Los Angeles,57,0.000281,0.000491
Los Angeles,117,0.250402,0.265836
Los Angeles,117,0.003983,0.008318
Los Angeles,117,0.297174,0.235135
Los Angeles,59,0.132542,0.07642
Los Angeles,56,0.141607,0.08686
Los Angeles,117,0.629658,0.800644
Los Angeles,59,0.789322,0.608978
Los Angeles,57,0.835614,0.641536
Los Angeles,117,0.051111,0.040954
Los Angeles,59,0.100169,0.365968
Los Angeles,57,0.107719,0.397524
Los Angeles,117,2.392906,2.01057
Los Angeles,59,1.628644,1.357592
Los Angeles,56,1.747857,1.438427
Los Angeles,98,2.354031,1.207476
Los Angeles,98,0.806582,0.434569
Los Angeles,98,0.093357,0.11856
Los Angeles,98,0.76552,0.385109
Los Angeles,98,0.875673,0.509501
Los Angeles,98,0.371296,0.171567
Los Angeles,98,0.251847,0.223172
Los Angeles,98,0.926694,0.54115
Los Angeles,98,0.12349,0.057775
Los Angeles,98,0.008969,0.005996
Los Angeles,115,0.784909,0.512302
Los Angeles,98,2.68248,1.290005
Los Angeles,98,0.618255,0.373013
Los Angeles,98,2.494133,1.204274
Los Angeles,59,4.989322,3.25649
Los Angeles,57,4.810526,2.668981
Los Angeles,98,0.111776,0.119274
Los Angeles,59,0.068712,0.097493
Los Angeles,57,0.088246,0.123882
Los Angeles,98,0.800806,0.385668
Los Angeles,59,2.001864,2.238874
Los Angeles,57,1.761404,1.700235
Los Angeles,98,0.929765,0.507671
Los Angeles,59,2.133729,0.952809
Los Angeles,57,2.134561,0.843953
Los Angeles,98,0.388908,0.170028
Los Angeles,59,0.588136,0.327475
Los Angeles,57,0.615614,0.318344
Los Angeles,98,0.263031,0.222911
Los Angeles,98,0.440112,0.31959
Los Angeles,98,0.806582,0.434569
Los Angeles,59,0.493729,0.325417
Los Angeles,57,0.551053,0.34696
Los Angeles,98,0.618265,0.373004
Los Angeles,98,2.542338,1.292939
Los Angeles,98,0.929422,0.5409
Los Angeles,59,0.378475,0.347373
Los Angeles,57,0.41,0.354038
Los Angeles,98,0.130517,0.057493
Los Angeles,59,0.321186,0.167323
Los Angeles,57,0.354737,0.178206
Los Angeles,98,0.009616,0.005965
Los Angeles,59,0.000271,0.001507
Los Angeles,57,0.000211,0.001114
Los Angeles,98,0.451306,0.319256
Los Angeles,93,10.409776,4.630376
Los Angeles,117,1.236667,0.966813
Los Angeles,59,1.342034,1.094653
Los Angeles,56,1.383036,1.114607
Los Angeles,59,11.055932,4.654781
Los Angeles,57,11.45614,4.761378
Los Angeles,8210,11.215164,6.44828
Los Angeles,343,11.16035,4.343315
Los Angeles,8466,12.383605,9.466066
Los Angeles,353,12.305382,5.858948
Los Angeles,8615,14.379443,8.249524
Los Angeles,8553,9.602771,6.894773
Los Angeles,8704,9.859145,6.501733
Los Angeles,365,9.805479,4.589563
Los Angeles,8279,9.119072,5.170984
Los Angeles,346,9.07659,3.660942
Los Angeles,1,0.0,0.0
Los Angeles,1,0.023,0.0
Los Angeles,1,0.0,0.0
Los Angeles,1,0.019,0.0
Los Angeles,1,0.0,0.0
Los Angeles,1,0.0,0.0
Los Angeles,1,0.0,0.0
Los Angeles,1,0.011,0.0
Los Angeles,1,0.0,0.0
Los Angeles,1,0.0,0.0
Los Angeles,1,0.0,0.0
Los Angeles,1,0.013,0.0
Los Angeles,1,0.0,0.0
Los Angeles,1,0.0,0.0
Los Angeles,1,0.001,0.0
Los Angeles,1,0.0,0.0
Los Angeles,1,0.059,0.0
Los Angeles,1,0.0,0.0
Los Angeles,1,0.0,0.0
Los Angeles,1,0.042,0.0
Los Angeles,1,0.0,0.0
Los Angeles,1,0.01,0.0
Los Angeles,1,0.037,0.0
Los Angeles,1,0.0,0.0
Los Angeles,1,0.02545,0.0
Los Angeles,1,0.01476,0.0
Los Angeles,1,0.15,0.0
Los Angeles,1,0.144,0.0
Los Angeles,1,0.21,0.0
Los Angeles,1,0.03,0.0
Los Angeles,1,0.056,0.0
Los Angeles,1,0.045,0.0
Los Angeles,1,0.052,0.0
Los Angeles,1,0.035,0.0
Los Angeles,1,0.018,0.0
Los Angeles,1,0.019,0.0
Los Angeles,1,0.027,0.0
Los Angeles,1,0.0,0.0
Los Angeles,1,0.0,0.0
Los Angeles,1,0.0,0.0
Los Angeles,1,0.17251,0.0
Los Angeles,1,0.19382,0.0
Los Angeles,1,0.18602,0.0
Los Angeles,1,0.25663,0.0
Los Angeles,1,0.37073,0.0
Los Angeles,1,0.1,0.0
Los Angeles,1,0.098,0.0
Los Angeles,1,0.8,0.0
Los Angeles,8605,3.420686,4.083894
Madera,8655,9.974812,7.912046
Marin,8517,5.409416,5.246298
Marin,109,0.0,0.0
Marin,109,0.007101,0.01097
Marin,109,0.002835,0.002021
Marin,109,0.031156,0.020904
Marin,109,0.0,0.0
Marin,109,6.4e-05,0.000246
Marin,109,0.776156,0.766338
Marin,109,0.008569,0.009393
Marin,109,0.00022,0.000438
Marin,109,0.000138,0.000346
Marin,109,0.0,0.0
Marin,109,0.065725,0.044036
Marin,109,0.000202,0.000541
Marin,109,7.3e-05,0.000262
Marin,109,0.000725,0.00087
Marin,109,0.0,0.0
Marin,109,0.023312,0.026156
Marin,109,0.000972,0.00156
Marin,109,0.000633,0.000662
Marin,109,0.185431,0.096496
Marin,109,9e-06,9.6e-05
Marin,109,0.039651,0.030965
Marin,109,0.588927,0.402048
Marin,109,0.00011,0.000712
Marin,108,1.181376,1.061445
Marin,108,0.371259,0.79214
Marin,106,0.612925,1.003186
Marin,106,0.066321,0.106631
Marin,106,0.0,0.047877
Marin,106,0.106038,0.245319
Marin,106,0.255311,0.388619
Marin,106,0.17566,0.224492
Marin,106,0.08084,0.123952
Marin,106,0.137142,0.208374
Marin,106,0.010113,0.017705
Marin,106,0.0,0.0
Marin,108,0.001386,0.011879
Marin,109,0.764851,0.398078
Marin,108,0.478931,1.021905
Marin,109,0.148188,0.115227
Marin,106,1.102477,1.805284
Marin,108,0.578954,0.32138
Marin,109,4.810092,2.854202
Mariposa,106,0.0,0.0
Mariposa,62,0.0,0.0
Mariposa,106,0.040094,0.03904
Mariposa,62,0.047161,0.046108
Mariposa,106,0.001264,0.000979
Mariposa,62,0.001306,0.000898
Mariposa,106,0.023858,0.026279
Mariposa,62,0.028919,0.03115
Mariposa,106,0.0,0.0
Mariposa,62,0.0,0.0
Mariposa,106,0.000292,0.00069
Mariposa,62,0.000113,0.000319
Mariposa,106,0.002057,0.005388
Mariposa,62,0.002823,0.006657
Mariposa,106,0.028972,0.026643
Mariposa,62,0.033355,0.030124
Mariposa,106,0.000274,0.000448
Mariposa,62,0.00021,0.00041
Mariposa,106,0.000726,0.000724
Mariposa,62,0.000855,0.000786
Mariposa,106,0.0,0.0
Mariposa,62,0.0,0.0
Mariposa,106,0.01434,0.017975
Mariposa,62,0.018855,0.020193
Mariposa,106,0.000425,0.000616
Mariposa,62,0.000452,0.000717
Mariposa,106,0.0,0.0
Mariposa,62,0.0,0.0
Mariposa,106,0.002821,0.0026
Mariposa,62,0.003242,0.002884
Mariposa,106,0.0,0.0
Mariposa,62,0.0,0.0
Mariposa,106,0.098632,0.096151
Mariposa,62,0.116355,0.111301
Mariposa,106,0.001453,0.001538
Mariposa,62,0.001468,0.001457
Mariposa,106,0.00016,0.000394
Mariposa,62,0.000258,0.000477
Mariposa,106,0.172585,0.133692
Mariposa,62,0.194403,0.145991
Mariposa,106,1.9e-05,0.000137
Mariposa,62,0.0,0.0
Mariposa,106,0.028481,0.02091
Mariposa,62,0.032161,0.024933
Mariposa,106,0.050085,0.066964
Mariposa,62,0.063403,0.075014
Mariposa,106,9.4e-05,0.00064
Mariposa,62,0.000242,0.000564
Mariposa,109,0.026423,0.02874
Mariposa,109,0.19511,0.176704
Mariposa,109,1.339266,1.630187
Mariposa,109,0.147064,0.152226
Mariposa,109,0.085303,0.203717
Mariposa,109,0.282073,0.467027
Mariposa,109,0.451413,0.482732
Mariposa,109,0.28011,0.303755
Mariposa,109,0.240844,0.246126
Mariposa,109,0.327046,0.355612
Mariposa,109,0.060899,0.043672
Mariposa,109,1.8e-05,0.000192
Mariposa,109,0.002786,0.012364
Mariposa,106,0.7117,0.551414
Mariposa,62,0.802251,0.602167
Mariposa,109,0.251665,0.227982
Mariposa,106,0.448186,0.43537
Mariposa,62,0.527772,0.505707
Mariposa,109,2.411435,2.933756
Mariposa,109,0.459138,0.355256
Mariposa,106,3.765094,2.970395
Mariposa,62,4.016129,3.709014
Mariposa,8476,10.220033,27.711614
Mariposa,355,10.125915,16.545894
Mendocino,8051,6.973047,9.139778
Mendocino,8152,11.993253,9.338353
Merced,8626,8.434037,7.445578
Merced,8641,9.656336,9.019529
Mono,3614,3.310598,3.479357
Mono,8669,3.58745,3.254853
Mono,8669,3.58745,3.254853
Mono,5055,3.136775,2.737277
Mono,91,0.0,0.0
Mono,91,0.064066,0.185929
Mono,91,0.000934,0.0008
Mono,91,0.043956,0.166789
Mono,91,2.2e-05,0.00021
Mono,91,0.000374,0.000939
Mono,91,0.002835,0.014126
Mono,91,0.045055,0.148458
Mono,91,0.000242,0.000431
Mono,91,0.001044,0.003055
Mono,91,1.1e-05,0.000105
Mono,91,0.017945,0.053108
Mono,91,0.000231,0.000731
Mono,91,0.0,0.0
Mono,91,0.004231,0.013562
Mono,91,3.3e-05,0.000314
Mono,91,0.176396,0.599679
Mono,91,0.001165,0.002709
Mono,91,0.000385,0.001812
Mono,91,0.127934,0.094008
Mono,91,4.4e-05,0.000419
Mono,91,0.032407,0.082316
Mono,91,0.026418,0.040395
Mono,91,0.000209,0.00085
Mono,92,0.009829,0.022895
Mono,92,0.104141,0.090515
Mono,92,0.679239,0.546067
Mono,92,0.076304,0.07131
Mono,92,0.017652,0.03718
Mono,92,0.118359,0.102933
Mono,92,0.247011,0.2014
Mono,92,0.151272,0.139114
Mono,92,0.14462,0.105298
Mono,92,0.169489,0.146834
Mono,92,0.051717,0.033564
Mono,92,0.0,0.0
Mono,92,0.003079,0.008361
Mono,91,0.527505,0.387839
Mono,92,0.134385,0.11679
Mono,91,0.76935,2.558838
Mono,92,1.222003,0.982408
Mono,92,0.336261,0.25291
Mono,91,2.92967,4.102966
Monterey,8505,4.115814,4.645587
Monterey,8562,4.631745,4.792431
Monterey,8610,7.753089,6.048681
Nevada,8555,4.800631,5.051619
Nevada,7840,6.649362,5.015515
Nevada,325,6.600308,2.91135
Orange,8306,9.721623,8.798579
Orange,54,0.018815,0.026755
Orange,54,0.000574,0.000633
Orange,54,0.118963,0.086209
Orange,54,0.01363,0.031922
Orange,54,0.00663,0.009862
Orange,54,0.066259,0.083297
Orange,54,0.002944,0.002811
Orange,54,0.000333,0.000476
Orange,54,0.009074,0.017375
Orange,54,0.11313,0.090275
Orange,54,0.000519,0.001225
Orange,54,0.106278,0.084915
Orange,54,0.0015,0.001397
Orange,54,0.003037,0.002028
Orange,54,0.003574,0.004492
Orange,54,0.00113,0.00087
Orange,54,0.079722,0.082212
Orange,54,0.010278,0.005374
Orange,54,0.000574,0.000602
Orange,54,0.012963,0.019889
Orange,54,0.006759,0.006198
Orange,54,0.000519,0.000795
Orange,54,0.125056,0.16939
Orange,54,0.064574,0.095107
Orange,54,0.003667,0.013953
Orange,54,0.468333,0.372193
Orange,54,0.000537,0.000503
Orange,54,0.000611,0.000856
Orange,54,0.1355,0.5082
Orange,54,0.000426,0.00057
Orange,54,0.13963,0.088573
Orange,54,0.600185,0.392508
Orange,54,0.148333,0.47554
Orange,54,1.180741,0.93562
Orange,53,4.749057,3.352188
Orange,53,0.078151,0.119653
Orange,53,1.767736,2.261885
Orange,53,2.08283,0.915113
Orange,53,0.615472,0.350036
Orange,54,0.399926,0.410074
Orange,54,0.380963,0.358058
Orange,54,0.230185,0.18271
Orange,54,0.000111,0.000816
Orange,54,1.37037,1.065215
Orange,54,10.059259,4.497988
Placer,8592,5.523976,6.313918
Placer,8603,6.601069,4.655998
Placer,360,6.548333,2.746037
Placer,8420,7.580285,5.912422
Placer,8599,4.60007,4.397493
Placer,359,4.566574,3.063845
Placer,8604,6.255811,6.425188
Placer,359,6.210585,4.781178
Plumas,8293,7.260569,8.62784
Plumas,8032,6.877864,9.247689
Plumas,334,6.844012,5.826192
Plumas,8234,12.071363,16.816569
Plumas,23,0.021826,0.00605
Plumas,23,0.001,0.0
Plumas,23,0.115478,0.054011
Plumas,23,0.003,0.0
Plumas,23,0.001435,0.000788
Plumas,23,0.028913,0.023425
Plumas,23,0.002435,0.002085
Plumas,23,0.002,0.0
Plumas,23,0.007609,0.002792
Plumas,23,0.025,0.055273
Plumas,23,0.05087,0.038286
Plumas,23,0.002043,0.000209
Plumas,23,0.002043,0.000209
Plumas,23,0.003,0.0
Plumas,23,0.002,0.0
Plumas,23,0.002,0.0
Plumas,23,0.003913,0.00241
Plumas,23,0.001,0.0
Plumas,23,0.02,0.0
Plumas,23,0.003739,0.002973
Plumas,23,0.002,0.0
Plumas,23,0.112957,0.10261
Plumas,23,0.010696,0.002754
Plumas,23,0.002,0.0
Plumas,23,0.175565,0.104599
Plumas,23,0.001,0.0
Plumas,23,0.102652,0.070495
Plumas,23,0.002,0.0
Plumas,23,0.081304,0.092161
Plumas,23,0.068261,0.046088
Plumas,23,0.297826,0.206485
Plumas,21,6.557143,4.835553
Plumas,21,0.682857,0.997382
Plumas,21,6.447619,5.132896
Plumas,21,1.922381,2.086279
Plumas,21,1.509524,1.386339
Plumas,21,1.308571,0.587565
Plumas,21,0.632381,0.238975
Plumas,21,1.082857,0.952482
Plumas,21,0.797619,0.5089
Plumas,21,1.720952,1.389449
Plumas,21,0.138095,0.050855
Plumas,21,0.05,0.0
Plumas,21,1.202857,0.88873
Plumas,16,1.165625,0.724127
Plumas,16,0.371875,0.245417
Plumas,16,0.133125,0.089571
Plumas,23,0.35913,0.25731
Plumas,20,11.27,7.922526
Riverside,8387,5.830035,4.119591
Riverside,8399,9.827932,8.964185
Riverside,351,9.804274,5.507616
Riverside,8660,8.824873,4.767307
Riverside,362,8.794751,3.130062
Riverside,6061,12.026976,17.08134
Riverside,6061,12.026976,17.08134
Riverside,6061,11.086784,17.040999
Riverside,6061,11.086784,17.040999
Riverside,8266,5.709206,5.710918
Riverside,8266,5.709206,5.710918
Riverside,8610,10.470093,9.076356
Riverside,119,0.00358,0.010248
Riverside,58,0.005155,0.009438
Riverside,58,0.028603,0.036929
Riverside,119,0.0,0.0
Riverside,58,0.0,0.0
Riverside,58,0.000621,0.000671
Riverside,119,0.067672,0.063172
Riverside,58,0.046224,0.035969
Riverside,58,0.147897,0.211314
Riverside,119,0.01063,0.022605
Riverside,58,0.011793,0.020855
Riverside,58,0.028638,0.132668
Riverside,119,0.002185,0.002728
Riverside,58,0.002466,0.003719
Riverside,119,0.002849,0.007806
Riverside,58,0.002224,0.007296
Riverside,58,0.006879,0.008939
Riverside,119,0.080269,0.05386
Riverside,58,0.069017,0.037616
Riverside,58,0.074724,0.048308
Riverside,116,0.003069,0.006616
Riverside,58,0.001741,0.003165
Riverside,58,0.005345,0.00534
Riverside,116,0.0,0.000827
Riverside,58,0.0,0.000795
Riverside,58,0.000379,0.000557
Riverside,116,0.003276,0.004369
Riverside,58,0.002414,0.003505
Riverside,58,0.017931,0.077567
Riverside,119,0.021185,0.066987
Riverside,58,0.009724,0.014411
Riverside,58,0.167897,0.660943
Riverside,119,0.001353,0.02036
Riverside,58,0.006879,0.019542
Riverside,119,0.001361,0.015248
Riverside,58,0.001759,0.013397
Riverside,58,0.000552,0.001127
Riverside,116,0.141871,0.091593
Riverside,58,0.116914,0.064819
Riverside,58,0.131052,0.080157
Riverside,119,0.002681,0.004805
Riverside,58,0.003638,0.004502
Riverside,58,0.002207,0.001484
Riverside,119,0.000697,0.00851
Riverside,58,0.0,0.007678
Riverside,119,0.002689,0.002855
Riverside,58,0.00169,0.002334
Riverside,58,0.003914,0.004109
Riverside,58,0.002845,0.004137
Riverside,116,0.001284,0.002325
Riverside,58,0.000724,0.001412
Riverside,58,0.000966,0.000794
Riverside,119,0.031084,0.041028
Riverside,58,0.028862,0.035693
Riverside,58,0.086638,0.249247
Riverside,119,0.000908,0.001727
Riverside,58,0.000845,0.001852
Riverside,58,0.011431,0.006294
Riverside,119,0.000613,0.001403
Riverside,58,0.000517,0.001559
Riverside,58,0.000672,0.000659
Riverside,119,0.000319,0.009385
Riverside,58,0.003207,0.009418
Riverside,58,0.0125,0.015854
Riverside,119,0.008622,0.005619
Riverside,58,0.006672,0.00474
Riverside,58,0.007103,0.008275
Riverside,119,9.2e-05,0.000291
Riverside,58,0.000103,0.00036
Riverside,58,0.000655,0.001722
Riverside,119,0.156008,0.119592
Riverside,58,0.127172,0.075562
Riverside,58,0.161414,0.099825
Riverside,119,0.001958,0.007491
Riverside,58,0.000845,0.006431
Riverside,119,0.011773,0.007575
Riverside,58,0.011414,0.007014
Riverside,58,0.011414,0.010914
Riverside,119,0.001361,0.0024
Riverside,58,0.000931,0.001543
Riverside,58,0.008397,0.051794
Riverside,119,0.38095,0.270578
Riverside,58,0.389086,0.296049
Riverside,58,0.487448,0.786921
Riverside,119,0.000185,0.001727
Riverside,58,0.0,0.001801
Riverside,58,0.000483,0.000504
Riverside,58,0.000552,0.000862
Riverside,119,0.072521,0.04646
Riverside,58,0.067724,0.050353
Riverside,58,0.345397,2.091988
Riverside,58,0.000448,0.00073
Riverside,119,0.150899,0.184331
Riverside,58,0.162948,0.186098
Riverside,119,0.001992,0.008288
Riverside,58,0.003138,0.008589
Riverside,119,0.217512,0.166427
Riverside,58,0.208273,0.15312
Riverside,58,0.171034,0.498629
Riverside,119,0.621765,0.666292
Riverside,58,0.646897,0.644396
Riverside,58,0.88,0.713312
Riverside,119,0.054958,0.052382
Riverside,58,0.052069,0.048945
Riverside,58,0.278103,1.713797
Riverside,119,2.493025,2.020015
Riverside,58,2.416724,1.906657
Riverside,58,1.992931,1.983753
Riverside,118,2.627432,1.345625
Riverside,57,2.48086,1.185212
Riverside,118,0.857415,0.580721
Riverside,57,0.912491,0.597773
Riverside,118,0.087203,0.112558
Riverside,57,0.072316,0.096946
Riverside,118,0.819839,0.436413
Riverside,57,0.766175,0.429813
Riverside,118,0.984822,0.605516
Riverside,57,0.974158,0.476588
Riverside,118,0.368669,0.118204
Riverside,57,0.382491,0.144375
Riverside,118,0.370381,0.289324
Riverside,57,0.289439,0.264278
Riverside,118,1.062424,0.678132
Riverside,57,1.015544,0.676512
Riverside,118,0.154161,0.064875
Riverside,57,0.161175,0.097135
Riverside,118,0.012,0.006381
Riverside,57,0.026053,0.046904
Riverside,116,1.032979,0.686709
Riverside,58,0.829413,0.449918
Riverside,118,2.9335,1.415831
Riverside,57,2.80793,1.269353
Riverside,118,0.688763,0.531676
Riverside,57,0.723175,0.568448
Riverside,118,2.764881,1.345513
Riverside,57,2.618596,1.183293
Riverside,58,4.368966,2.397675
Riverside,118,0.105534,0.113035
Riverside,57,0.090421,0.098051
Riverside,58,0.088138,0.131463
Riverside,118,0.854364,0.437187
Riverside,57,0.800877,0.430687
Riverside,58,1.383793,1.272078
Riverside,118,1.038051,0.605168
Riverside,57,1.027439,0.4758
Riverside,58,2.020172,0.899291
Riverside,118,0.385754,0.117245
Riverside,57,0.399561,0.143649
Riverside,58,0.628621,0.424687
Riverside,118,0.381203,0.288469
Riverside,57,0.300439,0.263605
Riverside,118,0.539034,0.346785
Riverside,57,0.478825,0.352043
Riverside,118,0.857407,0.580719
Riverside,57,0.912491,0.597773
Riverside,58,0.585345,0.539971
Riverside,118,0.688763,0.531676
Riverside,57,0.723175,0.568448
Riverside,118,2.796036,1.415716
Riverside,57,2.670131,1.271002
Riverside,118,1.064999,0.678052
Riverside,57,1.018205,0.676363
Riverside,58,0.483966,0.505249
Riverside,118,0.161017,0.064792
Riverside,57,0.168055,0.097127
Riverside,58,0.366138,0.236511
Riverside,118,0.012584,0.006393
Riverside,57,0.026704,0.047044
Riverside,58,0.000207,0.001104
Riverside,118,0.549881,0.346138
Riverside,57,0.48986,0.351298
Riverside,114,10.856774,4.659196
Riverside,56,10.321477,4.594834
Riverside,119,1.079496,0.733769
Riverside,58,1.09,0.762146
Riverside,58,1.333103,1.907994
Riverside,58,12.308621,9.196134
Riverside,8493,11.551572,10.139346
Riverside,71,0.0,0.0
Riverside,71,0.045099,0.041847
Riverside,71,0.002324,0.001079
Riverside,71,0.036662,0.025285
Riverside,71,1.4e-05,0.000119
Riverside,71,0.001211,0.00133
Riverside,71,0.026592,0.127893
Riverside,71,0.04207,0.027249
Riverside,71,0.000859,0.00085
Riverside,71,0.000915,0.000732
Riverside,71,2.8e-05,0.000237
Riverside,71,0.034338,0.024884
Riverside,71,0.000887,0.001489
Riverside,71,1.4e-05,0.000119
Riverside,71,0.003803,0.002697
Riverside,71,4.2e-05,0.000203
Riverside,71,0.110197,0.101802
Riverside,71,0.002634,0.002065
Riverside,71,0.000437,0.000499
Riverside,71,0.313197,0.197475
Riverside,71,0.0,0.0
Riverside,71,0.045873,0.037588
Riverside,71,0.216451,0.174768
Riverside,71,0.000366,0.000779
Riverside,69,0.135301,0.21048
Riverside,69,0.508942,0.401629
Riverside,74,1.04973,0.565615
Riverside,74,0.210811,0.131948
Riverside,74,0.034419,0.044727
Riverside,74,0.203365,0.131303
Riverside,74,0.392608,0.2147
Riverside,74,0.260338,0.149698
Riverside,74,0.159324,0.087992
Riverside,74,0.321797,0.181157
Riverside,74,0.048095,0.037551
Riverside,74,0.0,0.0
Riverside,69,0.002887,0.004572
Riverside,71,1.29184,0.814852
Riverside,69,0.656517,0.518032
Riverside,71,0.542463,0.452004
Riverside,74,1.890335,1.017336
Riverside,69,0.862362,0.551118
Riverside,71,4.683099,2.171305
Riverside,8647,5.934578,5.449502
Riverside,363,5.879614,3.791547
Sacramento,8312,8.732676,9.56239
Sacramento,120,0.0,0.008872
Sacramento,120,0.0,0.0
Sacramento,120,0.033683,0.043483
Sacramento,120,0.005433,0.018953
Sacramento,120,0.000458,0.001208
Sacramento,120,0.000767,0.006732
Sacramento,120,0.029558,0.016081
Sacramento,114,0.001746,0.003105
Sacramento,114,0.0,0.000833
Sacramento,114,0.00386,0.006445
Sacramento,120,0.078467,0.193019
Sacramento,120,0.0,0.019862
Sacramento,120,0.001983,0.012923
Sacramento,114,0.058219,0.036682
Sacramento,120,0.001708,0.004178
Sacramento,120,0.000442,0.007644
Sacramento,120,0.001058,0.002802
Sacramento,114,0.000632,0.000998
Sacramento,120,0.033567,0.044158
Sacramento,120,0.000308,0.000924
Sacramento,120,0.000108,0.001377
Sacramento,120,0.001983,0.008643
Sacramento,120,0.003883,0.003633
Sacramento,120,7.5e-05,0.000264
Sacramento,120,0.079908,0.063103
Sacramento,120,0.0,0.006521
Sacramento,120,0.006633,0.006633
Sacramento,120,0.00065,0.001899
Sacramento,120,0.2015,0.108394
Sacramento,120,3.3e-05,0.001587
Sacramento,120,0.092775,0.107922
Sacramento,120,0.163175,0.279331
Sacramento,120,0.002067,0.007466
Sacramento,121,0.208639,0.269
Sacramento,121,0.154215,0.258881
Sacramento,121,0.073058,0.104298
Sacramento,121,0.935785,1.069623
Sacramento,77,3.688065,3.515432
Sacramento,77,1.321857,1.397126
Sacramento,77,0.163403,0.336272
Sacramento,77,1.151584,1.223148
Sacramento,77,1.532026,1.445649
Sacramento,77,0.409935,0.244428
Sacramento,77,0.434532,0.589309
Sacramento,77,1.519753,1.68594
Sacramento,77,0.208364,0.146434
Sacramento,77,0.028857,0.030898
Sacramento,114,0.465911,0.302688
Sacramento,77,4.209987,3.972543
Sacramento,77,0.932818,0.893168
Sacramento,77,3.821117,3.509349
Sacramento,77,0.182247,0.337118
Sacramento,77,1.184442,1.221972
Sacramento,77,1.583052,1.443556
Sacramento,77,0.425922,0.242678
Sacramento,77,0.445286,0.588012
Sacramento,77,0.823416,1.004582
Sacramento,77,1.321844,1.397139
Sacramento,77,0.932818,0.893168
Sacramento,77,4.076974,3.978302
Sacramento,77,1.523052,1.685808
Sacramento,77,0.214595,0.146176
Sacramento,77,0.029499,0.031167
Sacramento,77,0.834286,1.003837
Sacramento,71,9.399345,7.240634
Sacramento,121,0.587934,0.295432
Sacramento,8394,7.149202,7.218655
Sacramento,54,0.020426,0.00313
Sacramento,54,0.001,0.0
Sacramento,54,0.101574,0.03402
Sacramento,54,0.005685,0.00467
Sacramento,54,0.002815,0.001963
Sacramento,54,0.036241,0.019802
Sacramento,54,0.002,0.0
Sacramento,54,0.002,0.0
Sacramento,54,0.008778,0.004462
Sacramento,54,0.143759,0.286217
Sacramento,54,0.073185,0.05072
Sacramento,54,0.002796,0.001709
Sacramento,54,0.002259,0.000851
Sacramento,54,0.003,0.0
Sacramento,54,0.002,0.0
Sacramento,54,0.002,0.0
Sacramento,54,0.005481,0.003654
Sacramento,54,0.001,0.0
Sacramento,54,0.022333,0.007417
Sacramento,54,0.004426,0.002812
Sacramento,54,0.002,0.0
Sacramento,54,0.0845,0.066579
Sacramento,54,0.010556,0.005885
Sacramento,54,0.002,0.0
Sacramento,54,0.222981,0.12145
Sacramento,54,0.001,0.0
Sacramento,54,0.07237,0.069237
Sacramento,54,0.002,0.0
Sacramento,55,0.227455,0.347474
Sacramento,55,0.057273,0.051477
Sacramento,55,0.815455,1.186321
Sacramento,53,2.85717,2.333544
Sacramento,53,0.353396,0.621713
Sacramento,53,2.756226,2.313961
Sacramento,53,0.252642,0.331484
Sacramento,53,0.620377,0.560268
Sacramento,53,0.944528,0.654472
Sacramento,53,0.457736,0.26239
Sacramento,53,0.472075,0.579855
Sacramento,53,0.44283,0.604274
Sacramento,53,0.843962,1.096423
Sacramento,53,0.066981,0.039399
Sacramento,53,0.05,0.0
Sacramento,53,0.58,0.664946
Sacramento,31,0.225484,0.300365
Sacramento,30,0.024,0.022834
Sacramento,31,0.016452,0.014035
Sacramento,55,0.507091,0.274683
Sacramento,53,7.615094,5.701093
Sacramento,8589,6.395273,5.963785
Sacramento,359,6.369359,4.798063
Sacramento,6951,6.622026,6.731083
Sacramento,8334,6.62251,5.406154
Sacramento,8433,9.391083,8.006329
Sacramento,8451,6.023902,5.525981
San Benito,8441,4.122497,6.068969
San Benito,113,0.0,0.0
San Benito,113,0.026071,0.023373
San Benito,113,0.001531,0.001134
San Benito,113,0.023894,0.014677
San Benito,113,9e-06,9.4e-05
San Benito,113,0.000416,0.001006
San Benito,113,0.117726,0.22867
San Benito,113,0.023265,0.018076
San Benito,113,0.000345,0.000514
San Benito,113,0.000566,0.000596
San Benito,113,0.0,0.0
San Benito,113,0.033699,0.027308
San Benito,113,0.000469,0.000682
San Benito,113,4.4e-05,0.000207
San Benito,113,0.00215,0.001774
San Benito,113,0.0,0.0
San Benito,113,0.070708,0.060359
San Benito,113,0.001956,0.002953
San Benito,113,0.000301,0.000565
San Benito,113,0.190513,0.112963
San Benito,113,9e-06,9.4e-05
San Benito,113,0.03531,0.024966
San Benito,113,0.233664,0.227052
San Benito,113,0.000204,0.000585
San Benito,117,0.231467,0.30786
San Benito,117,0.303188,0.195972
San Benito,119,1.058655,1.182578
San Benito,119,0.181345,0.215052
San Benito,119,0.034756,0.090419
San Benito,119,0.200681,0.298467
San Benito,119,0.424454,0.453268
San Benito,119,0.256832,0.264064
San Benito,119,0.141723,0.129845
San Benito,119,0.286462,0.267524
San Benito,119,0.036655,0.033837
San Benito,119,0.0,0.0
San Benito,117,0.002611,0.006056
San Benito,113,0.785802,0.465888
San Benito,117,0.391133,0.252814
San Benito,113,0.332906,0.266342
San Benito,119,1.905009,2.128986
San Benito,117,0.505795,0.292561
San Benito,113,4.053982,3.003927
San Bernardino,8694,6.877686,5.811281
San Bernardino,364,6.829396,2.928682
San Bernardino,8347,13.051779,11.57557
San Bernardino,8404,7.924203,6.048229
San Bernardino,7623,8.106782,5.95138
San Bernardino,2142,8.201307,5.207962
San Bernardino,90,8.162222,2.911063
San Bernardino,55,0.026327,0.0304
San Bernardino,55,0.000836,0.001032
San Bernardino,55,0.168382,0.321814
San Bernardino,55,0.038982,0.203553
San Bernardino,55,0.006836,0.010861
San Bernardino,55,0.080873,0.050457
San Bernardino,55,0.003364,0.007035
San Bernardino,55,0.000255,0.00048
San Bernardino,55,0.023509,0.113278
San Bernardino,55,0.214964,1.091548
San Bernardino,55,0.000673,0.001263
San Bernardino,55,0.177964,0.09898
San Bernardino,55,0.0018,0.00097
San Bernardino,55,0.005582,0.007241
San Bernardino,55,0.003255,0.003936
San Bernardino,55,0.0018,0.004499
San Bernardino,55,0.105818,0.358939
San Bernardino,55,0.012709,0.007537
San Bernardino,55,0.001055,0.001145
San Bernardino,55,0.020909,0.023362
San Bernardino,55,0.009018,0.010634
San Bernardino,55,0.000964,0.002937
San Bernardino,55,0.181909,0.120146
San Bernardino,55,0.024782,0.015576
San Bernardino,55,0.012345,0.079064
San Bernardino,55,0.558164,1.126169
San Bernardino,55,0.000509,0.000573
San Bernardino,55,0.000691,0.00092
San Bernardino,55,0.504236,3.19955
San Bernardino,55,0.000473,0.000836
San Bernardino,55,0.239091,0.877894
San Bernardino,55,1.014364,0.786263
San Bernardino,55,0.462,2.999563
San Bernardino,55,2.447455,2.39594
San Bernardino,54,5.101852,2.828993
San Bernardino,54,0.114481,0.113408
San Bernardino,54,1.745,1.690601
San Bernardino,54,2.233519,0.944807
San Bernardino,54,0.723519,0.420423
San Bernardino,54,0.531667,0.346175
San Bernardino,54,0.443519,0.326341
San Bernardino,54,0.371667,0.206222
San Bernardino,54,0.000111,0.000816
San Bernardino,55,1.635091,3.186149
San Bernardino,4393,13.60906,13.377533
San Bernardino,184,13.567391,8.755271
San Bernardino,55,14.165455,12.872569
San Bernardino,8339,6.01752,8.122651
San Bernardino,101,0.0,0.0
San Bernardino,101,0.079762,0.085972
San Bernardino,101,0.001752,0.001545
San Bernardino,101,0.052356,0.054609
San Bernardino,101,1e-05,0.0001
San Bernardino,101,0.000554,0.001539
San Bernardino,101,0.008238,0.029432
San Bernardino,101,0.055475,0.053098
San Bernardino,101,0.000366,0.000484
San Bernardino,101,0.001327,0.001289
San Bernardino,101,0.0,0.0
San Bernardino,101,0.028762,0.030731
San Bernardino,101,0.000337,0.000621
San Bernardino,101,5e-05,0.000218
San Bernardino,101,0.005238,0.005142
San Bernardino,101,3e-05,0.000171
San Bernardino,101,0.197228,0.22062
San Bernardino,101,0.001911,0.001511
San Bernardino,101,0.000604,0.001266
San Bernardino,101,0.199861,0.136206
San Bernardino,101,2e-05,0.00014
San Bernardino,101,0.046703,0.05966
San Bernardino,101,0.074059,0.063572
San Bernardino,101,0.000327,0.00068
San Bernardino,101,0.038696,0.07438
San Bernardino,101,0.337356,0.329148
San Bernardino,101,0.558911,0.386962
San Bernardino,101,0.105248,0.098424
San Bernardino,101,0.002851,0.018011
San Bernardino,101,0.094257,0.075184
San Bernardino,101,0.202149,0.151106
San Bernardino,101,0.13698,0.111375
San Bernardino,101,0.122594,0.078356
San Bernardino,101,0.183485,0.128425
San Bernardino,101,0.044772,0.027843
San Bernardino,101,0.0,0.0
San Bernardino,101,0.006222,0.021554
San Bernardino,101,0.824542,0.561971
San Bernardino,101,0.435115,0.424587
San Bernardino,101,0.896331,0.961054
San Bernardino,101,1.00594,0.697776
San Bernardino,101,0.535713,0.371225
San Bernardino,101,3.269307,2.120601
San Bernardino,105,0.0,0.0
San Bernardino,105,0.058,0.058989
San Bernardino,105,0.001648,0.001286
San Bernardino,105,0.039219,0.038651
San Bernardino,105,2.9e-05,0.000217
San Bernardino,105,0.000905,0.004182
San Bernardino,105,0.003171,0.011573
San Bernardino,105,0.046038,0.041527
San Bernardino,105,0.000457,0.000555
San Bernardino,105,0.001095,0.001043
San Bernardino,105,0.0,0.0
San Bernardino,105,0.020819,0.025284
San Bernardino,105,0.000276,0.000563
San Bernardino,105,3.8e-05,0.000192
San Bernardino,105,0.00421,0.004071
San Bernardino,105,1e-05,9.8e-05
San Bernardino,105,0.138933,0.142545
San Bernardino,105,0.002038,0.001681
San Bernardino,105,0.000629,0.002863
San Bernardino,105,0.184571,0.140304
San Bernardino,105,0.0,0.0
San Bernardino,105,0.039343,0.107617
San Bernardino,105,0.055438,0.052012
San Bernardino,105,0.000333,0.00066
San Bernardino,106,0.030913,0.039245
San Bernardino,106,0.572896,0.681723
San Bernardino,106,0.607358,0.432821
San Bernardino,106,0.105943,0.072792
San Bernardino,106,0.010623,0.026054
San Bernardino,106,0.106321,0.090223
San Bernardino,106,0.226943,0.163129
San Bernardino,106,0.140434,0.101696
San Bernardino,106,0.12316,0.082859
San Bernardino,106,0.185047,0.139521
San Bernardino,106,0.044179,0.023201
San Bernardino,106,0.0,0.0
San Bernardino,106,0.00421,0.0139
San Bernardino,105,0.761457,0.578719
San Bernardino,106,0.739049,0.87945
San Bernardino,105,0.657085,0.647902
San Bernardino,106,1.093222,0.778793
San Bernardino,106,0.499453,0.396217
San Bernardino,105,3.23619,2.274783
San Diego,4391,10.936529,5.733946
San Diego,7961,5.848738,4.68128
San Diego,7961,5.848738,4.68128
San Diego,7961,5.069828,4.501696
San Diego,7961,5.069828,4.501696
San Diego,8425,6.569875,3.815335
San Diego,3976,6.485136,3.669158
San Diego,8425,6.569875,3.815335
San Diego,4449,5.566779,3.494104
San Diego,8644,8.665699,4.437134
San Diego,8644,8.665699,4.437134
San Diego,4260,9.53392,5.0806
San Diego,4384,6.439986,3.13708
San Diego,5704,7.876841,22.511362
San Diego,228,7.881579,13.212126
San Diego,3697,14.537301,10.605381
San Diego,7779,13.22787,9.689091
San Diego,7779,13.22787,9.689091
San Diego,4082,10.558746,8.314298
San Diego,60,3.82235,1.974816
San Diego,60,0.338317,0.27925
San Diego,60,0.933183,0.375623
San Diego,60,1.54085,0.759543
San Diego,60,0.675167,0.483179
San Diego,60,0.33455,0.273605
San Diego,60,0.91105,0.803386
San Diego,60,0.852683,0.858524
San Diego,60,0.392883,0.266397
San Diego,60,0.0,0.0
San Diego,4402,9.015448,4.75474
San Diego,3447,8.627444,4.969128
San Diego,3930,8.321578,4.172693
San Diego,4252,9.773166,4.810825
San Diego,8724,9.208872,4.692637
San Diego,8724,9.208872,4.692637
San Diego,4472,7.355859,4.150082
San Diego,120,0.00275,0.009492
San Diego,120,0.0,0.0
San Diego,120,0.032192,0.03718
San Diego,120,0.008075,0.021577
San Diego,120,0.00105,0.001714
San Diego,120,0.000167,0.007052
San Diego,120,0.038925,0.020689
San Diego,117,0.001641,0.002978
San Diego,117,0.0,0.000725
San Diego,117,0.003026,0.003055
San Diego,120,0.052867,0.139726
San Diego,120,0.0,0.020093
San Diego,120,0.0,0.013724
San Diego,117,0.071538,0.041439
San Diego,120,0.002033,0.004148
San Diego,120,0.000717,0.007889
San Diego,120,0.0015,0.002196
San Diego,117,0.000786,0.001097
San Diego,120,0.041792,0.046643
San Diego,120,0.000483,0.001181
San Diego,120,0.0,0.001288
San Diego,120,0.000742,0.009599
San Diego,120,0.005725,0.004747
San Diego,120,9.2e-05,0.000367
San Diego,120,0.085292,0.079744
San Diego,120,0.000358,0.00711
San Diego,120,0.007792,0.007555
San Diego,120,0.000775,0.002023
San Diego,120,0.357542,0.262567
San Diego,120,9.2e-05,0.001754
San Diego,120,0.063825,0.049476
San Diego,120,0.263475,0.259027
San Diego,120,0.003225,0.008077
San Diego,119,0.270894,0.223838
San Diego,119,0.290168,0.338063
San Diego,119,0.051849,0.045844
San Diego,119,1.324286,0.870944
San Diego,117,2.128265,1.083901
San Diego,117,0.688376,0.534639
San Diego,117,0.092385,0.151187
San Diego,117,0.690487,0.386135
San Diego,117,0.765966,0.418642
San Diego,117,0.321034,0.097758
San Diego,117,0.261915,0.179747
San Diego,117,0.828581,0.588657
San Diego,117,0.112256,0.052958
San Diego,117,0.010103,0.007772
San Diego,117,0.541945,0.382939
San Diego,117,2.462974,1.198078
San Diego,117,0.49112,0.41054
San Diego,117,2.265752,1.081026
San Diego,117,0.110701,0.151889
San Diego,117,0.725,0.385598
San Diego,117,0.81912,0.41656
San Diego,117,0.338068,0.097437
San Diego,117,0.272906,0.179885
San Diego,117,0.459094,0.27672
San Diego,117,0.688385,0.534636
San Diego,117,0.491111,0.41053
San Diego,117,2.325361,1.201005
San Diego,117,0.831279,0.588969
San Diego,117,0.119145,0.052949
San Diego,117,0.010808,0.007746
San Diego,117,0.47012,0.276518
San Diego,113,7.89171,2.751656
San Diego,119,1.034622,0.710074
San Diego,2279,16.684906,14.204315
San Diego,14,5.809071,2.213288
San Diego,14,0.608357,0.317025
San Diego,14,1.325071,0.431065
San Diego,14,2.351,0.895974
San Diego,14,1.028571,0.524399
San Diego,14,0.496071,0.329702
San Diego,14,1.743571,0.97666
San Diego,14,1.779286,1.208405
San Diego,14,0.460429,0.280992
San Diego,14,0.0,0.0
San Diego,8305,9.723359,5.368158
San Diego,3841,10.45548,5.906947
San Diego,8305,9.723359,5.368158
San Diego,4464,7.687545,4.41615
San Diego,56,3.318518,1.542149
San Diego,56,0.312464,0.284697
San Diego,56,0.807339,0.310889
San Diego,56,1.381661,0.611779
San Diego,56,0.540143,0.304816
San Diego,56,0.276839,0.256513
San Diego,56,0.52325,0.37719
San Diego,56,0.479536,0.402963
San Diego,56,0.320625,0.191695
San Diego,56,0.0,0.0
San Diego,6504,4.629028,2.247505
San Diego,6504,4.629028,2.247505
San Diego,6504,3.839038,2.04527
San Diego,6504,3.839038,2.04527
San Diego,2868,5.653068,5.191546
San Diego,59,3.137898,1.597254
San Diego,59,0.277254,0.284965
San Diego,59,0.738508,0.339128
San Diego,59,1.275576,0.572965
San Diego,59,0.560169,0.378649
San Diego,59,0.286492,0.256316
San Diego,59,0.628627,0.506261
San Diego,59,0.475085,0.441282
San Diego,59,0.439932,0.317492
San Diego,59,0.0,0.0
San Diego,60,3.742633,1.678725
San Diego,60,0.36825,0.266551
San Diego,60,0.913867,0.303786
San Diego,60,1.4794,0.679903
San Diego,60,0.617967,0.344363
San Diego,60,0.363133,0.262453
San Diego,60,0.642167,0.445164
San Diego,60,0.612983,0.519317
San Diego,60,0.392383,0.227477
San Diego,60,0.0,0.0
San Diego,57,3.735123,1.640027
San Diego,57,0.405912,0.305076
San Diego,57,0.896175,0.319242
San Diego,57,1.521193,0.626304
San Diego,57,0.624386,0.341629
San Diego,57,0.287456,0.24821
San Diego,57,0.721175,0.484556
San Diego,57,0.623018,0.553877
San Diego,57,0.385684,0.251816
San Diego,57,0.0,0.0
San Francisco,7842,6.46863,5.803117
San Joaquin,7865,10.965162,10.304337
San Joaquin,8618,7.977733,7.865292
San Joaquin,8265,4.494374,5.55778
San Joaquin,349,4.365616,4.219722
San Luis Obispo,8622,4.746231,7.061257
San Luis Obispo,8613,6.80483,7.364986
San Luis Obispo,8391,4.209868,4.846554
San Luis Obispo,8548,3.798081,4.938293
San Mateo,1482,4.5,4.77265
Santa Barbara,8622,7.982371,4.573027
Santa Barbara,8640,4.155903,4.999653
Santa Barbara,8420,4.62981,5.386489
Santa Barbara,7715,5.765392,4.650716
Santa Barbara,3,0.0,0.0
Santa Barbara,3,0.029,0.032078
Santa Barbara,3,0.001,0.001
Santa Barbara,3,0.023333,0.024132
Santa Barbara,3,0.0,0.0
Santa Barbara,3,0.000333,0.000577
Santa Barbara,3,0.000667,0.000577
Santa Barbara,3,0.020333,0.020841
Santa Barbara,3,0.000333,0.000577
Santa Barbara,3,0.000333,0.000577
Santa Barbara,3,0.0,0.0
Santa Barbara,3,0.005333,0.008505
Santa Barbara,3,0.0,0.0
Santa Barbara,3,0.0,0.0
Santa Barbara,3,0.002,0.002
Santa Barbara,3,0.0,0.0
Santa Barbara,3,0.077333,0.078137
Santa Barbara,3,0.001333,0.001528
Santa Barbara,3,0.0,0.0
Santa Barbara,3,0.082,0.031193
Santa Barbara,3,0.0,0.0
Santa Barbara,3,0.019667,0.019425
Santa Barbara,3,0.028333,0.037807
Santa Barbara,3,0.000667,0.000577
Santa Barbara,3,0.01089,0.005636
Santa Barbara,3,0.219,0.135348
Santa Barbara,3,0.36,0.186815
Santa Barbara,3,0.05,0.017321
Santa Barbara,3,0.0,0.009539
Santa Barbara,3,0.047,0.013892
Santa Barbara,3,0.165667,0.120276
Santa Barbara,3,0.086,0.023259
Santa Barbara,3,0.065667,0.03894
Santa Barbara,3,0.083667,0.038889
Santa Barbara,3,0.030667,0.010408
Santa Barbara,3,0.0,0.0
Santa Barbara,3,0.004773,0.007925
Santa Barbara,3,0.338283,0.127443
Santa Barbara,3,0.282847,0.174233
Santa Barbara,3,0.346847,0.358158
Santa Barbara,3,0.65144,0.330039
Santa Barbara,3,0.211,0.07398
Santa Barbara,3,1.633333,0.750555
Santa Barbara,2081,4.542047,3.790967
Santa Clara,8442,4.718669,5.238951
Santa Clara,8416,8.287429,7.550863
Santa Clara,121,0.000512,0.009256
Santa Clara,121,0.0,0.0
Santa Clara,121,0.036942,0.10046
Santa Clara,121,0.007025,0.021877
Santa Clara,121,0.001008,0.001913
Santa Clara,121,0.000835,0.007784
Santa Clara,121,0.037678,0.019955
Santa Clara,114,0.001816,0.002994
Santa Clara,114,0.0,0.000952
Santa Clara,114,0.002114,0.004171
Santa Clara,121,0.142,0.267715
Santa Clara,121,0.002083,0.02364
Santa Clara,121,0.001388,0.014876
Santa Clara,114,0.065009,0.048719
Santa Clara,121,0.001041,0.004576
Santa Clara,121,0.0,0.008038
Santa Clara,121,0.001446,0.002611
Santa Clara,114,0.000754,0.001231
Santa Clara,121,0.036694,0.041965
Santa Clara,121,0.000446,0.001095
Santa Clara,121,0.000256,0.001446
Santa Clara,121,0.001719,0.009931
Santa Clara,121,0.003744,0.003921
Santa Clara,121,6.6e-05,0.00025
Santa Clara,121,0.055289,0.046241
Santa Clara,121,0.001273,0.006932
Santa Clara,121,0.006025,0.005059
Santa Clara,121,0.000777,0.002308
Santa Clara,121,0.203149,0.122705
Santa Clara,121,0.0,0.001738
Santa Clara,121,0.05538,0.077594
Santa Clara,121,0.222488,0.268513
Santa Clara,121,0.001917,0.008577
Santa Clara,121,0.344824,0.332112
Santa Clara,121,0.14314,0.234261
Santa Clara,121,0.042314,0.073414
Santa Clara,121,0.972645,0.957608
Santa Clara,119,2.353487,1.849771
Santa Clara,119,0.56416,0.558891
Santa Clara,119,0.077042,0.138681
Santa Clara,119,0.679261,0.557926
Santa Clara,119,0.978,0.755202
Santa Clara,119,0.325387,0.152062
Santa Clara,119,0.297395,0.424856
Santa Clara,119,0.751697,0.782701
Santa Clara,119,0.102874,0.06444
Santa Clara,119,0.007664,0.005179
Santa Clara,114,0.433635,0.338802
Santa Clara,119,2.618672,1.939996
Santa Clara,119,0.436084,0.443051
Santa Clara,119,2.490672,1.844567
Santa Clara,119,0.095454,0.139443
Santa Clara,119,0.713756,0.557015
Santa Clara,119,1.031025,0.753148
Santa Clara,119,0.342303,0.150478
Santa Clara,119,0.308193,0.423809
Santa Clara,119,0.425403,0.490149
Santa Clara,119,0.56416,0.558891
Santa Clara,119,0.436076,0.443045
Santa Clara,119,2.4815,1.945338
Santa Clara,119,0.754289,0.782398
Santa Clara,119,0.109734,0.064009
Santa Clara,119,0.008311,0.005196
Santa Clara,119,0.43621,0.4889
Santa Clara,112,7.023316,4.246406
Santa Clara,121,0.592149,0.323924
Santa Clara,8079,7.185295,9.654117
Santa Cruz,8428,5.157451,5.591617
Santa Cruz,8496,5.575918,5.798165
Shasta,8180,6.892298,7.735085
Shasta,100,0.0,0.0
Shasta,100,0.03295,0.034975
Shasta,100,0.00077,0.000737
Shasta,100,0.02002,0.023752
Shasta,100,1e-05,0.0001
Shasta,100,0.00027,0.001294
Shasta,100,0.00508,0.024536
Shasta,100,0.02647,0.035419
Shasta,100,0.00033,0.000985
Shasta,100,0.00084,0.002635
Shasta,100,0.0,0.0001
Shasta,100,0.01121,0.016851
Shasta,100,0.00033,0.000637
Shasta,100,5e-05,0.0005
Shasta,100,0.00279,0.0054
Shasta,100,0.0,0.0
Shasta,100,0.08218,0.086135
Shasta,100,0.00192,0.009848
Shasta,100,0.00024,0.001055
Shasta,100,0.11419,0.096978
Shasta,100,6e-05,0.0006
Shasta,100,0.02773,0.040277
Shasta,100,0.03889,0.059037
Shasta,100,0.0001,0.001487
Shasta,100,0.017419,0.038531
Shasta,100,0.12832,0.257516
Shasta,101,0.187129,0.917763
Shasta,101,0.393574,3.620796
Shasta,101,2.280901,21.488954
Shasta,101,0.624366,3.187697
Shasta,101,0.26598,0.907141
Shasta,101,1.457,13.353584
Shasta,101,1.433733,12.66178
Shasta,101,0.210733,1.606255
Shasta,101,0.0,0.0
Shasta,100,0.001303,0.004394
Shasta,100,0.471043,0.399717
Shasta,100,0.165505,0.332197
Shasta,100,0.379128,0.404914
Shasta,100,0.31302,0.282139
Siskiyou,102,0.0,0.0
Siskiyou,102,0.028578,0.028004
Siskiyou,102,0.000794,0.000825
Siskiyou,102,0.01699,0.01949
Siskiyou,102,0.0,0.0
Siskiyou,102,5.9e-05,0.000368
Siskiyou,102,0.008147,0.032597
Siskiyou,102,0.020931,0.019594
Siskiyou,102,0.000167,0.000375
Siskiyou,102,0.000529,0.000625
Siskiyou,102,0.0,0.0
Siskiyou,102,0.009539,0.011685
Siskiyou,102,0.000167,0.000375
Siskiyou,102,0.0,0.0
Siskiyou,102,0.002039,0.002014
Siskiyou,102,0.0,0.0
Siskiyou,102,0.08049,0.087567
Siskiyou,102,0.000941,0.000973
Siskiyou,102,9.8e-05,0.00033
Siskiyou,102,0.09098,0.06212
Siskiyou,102,0.0,0.0
Siskiyou,102,0.023853,0.024705
Siskiyou,102,0.029363,0.038999
Siskiyou,102,0.000186,0.000625
Siskiyou,100,0.01993,0.041188
Siskiyou,100,0.09631,0.116043
Siskiyou,104,1.086635,1.668291
Siskiyou,104,0.119423,0.158462
Siskiyou,104,0.034288,0.094163
Siskiyou,104,0.21824,0.405672
Siskiyou,104,0.426106,0.597908
Siskiyou,104,0.239558,0.363779
Siskiyou,104,0.168567,0.245898
Siskiyou,104,0.239567,0.365879
Siskiyou,104,0.048769,0.037932
Siskiyou,104,0.0,0.0
Siskiyou,100,0.003732,0.010252
Siskiyou,102,0.37538,0.256165
Siskiyou,100,0.124299,0.149729
Siskiyou,102,0.345827,0.356165
Siskiyou,104,1.956188,3.002399
Siskiyou,100,0.24194,0.171918
Siskiyou,102,3.155882,3.993623
Siskiyou,8480,10.979009,25.112767
Solano,8057,5.889785,5.94388
Solano,8394,6.500596,5.997403
Sonoma,8547,5.065637,5.747965
Stanislaus,8543,10.556362,8.627795
Stanislaus,60,0.0204,0.003098
Stanislaus,60,0.001083,0.000381
Stanislaus,60,0.1294,0.058304
Stanislaus,60,0.004883,0.005478
Stanislaus,60,0.003517,0.002311
Stanislaus,60,0.051933,0.030555
Stanislaus,60,0.00225,0.00159
Stanislaus,60,0.002,0.0
Stanislaus,60,0.0086,0.005205
Stanislaus,60,0.11885,0.191173
Stanislaus,60,0.0884,0.057771
Stanislaus,60,0.002883,0.001896
Stanislaus,60,0.002417,0.001062
Stanislaus,60,0.003,0.0
Stanislaus,60,0.002,0.0
Stanislaus,60,0.002,0.0
Stanislaus,60,0.008833,0.006023
Stanislaus,60,0.001,0.0
Stanislaus,60,0.024717,0.010854
Stanislaus,60,0.006017,0.004935
Stanislaus,60,0.002,0.0
Stanislaus,60,0.146167,0.138372
Stanislaus,60,0.021817,0.03825
Stanislaus,60,0.002467,0.002696
Stanislaus,60,0.289933,0.160471
Stanislaus,60,0.001,0.0
Stanislaus,60,0.094917,0.120131
Stanislaus,60,0.002,0.0
Stanislaus,60,0.507833,0.905526
Stanislaus,60,0.067167,0.096622
Stanislaus,60,1.668833,2.780429
Stanislaus,60,2.871333,1.969122
Stanislaus,60,0.306333,0.592175
Stanislaus,60,2.7495,1.974054
Stanislaus,60,0.226333,0.258555
Stanislaus,60,0.597333,0.447777
Stanislaus,60,0.905667,0.509517
Stanislaus,60,0.484667,0.241053
Stanislaus,60,0.528333,0.620514
Stanislaus,60,0.412667,0.466719
Stanislaus,60,0.867833,0.981207
Stanislaus,60,0.0685,0.039395
Stanislaus,60,0.05,0.0
Stanislaus,60,0.647,0.685915
Stanislaus,35,0.182571,0.284164
Stanislaus,34,0.022941,0.032242
Stanislaus,35,0.017429,0.016863
Stanislaus,60,0.642,0.342463
Stanislaus,59,9.283051,7.59837
Stanislaus,8609,10.287141,8.792794
Sutter,8550,8.560573,7.683867
Sutter,8569,8.48197,7.589098
Tehama,8572,6.157944,6.728573
Trinity,7067,9.19301,13.705883
Trinity,294,9.217007,10.35978
Trinity,100,0.0,0.0
Trinity,100,0.02853,0.032026
Trinity,99,0.000808,0.000853
Trinity,100,0.01634,0.017632
Trinity,100,0.0,0.0
Trinity,100,6e-05,0.000239
Trinity,99,0.017343,0.043491
Trinity,100,0.0223,0.022981
Trinity,100,0.00024,0.000495
Trinity,100,0.0006,0.000752
Trinity,100,0.0,0.0
Trinity,100,0.01465,0.01441
Trinity,100,0.00032,0.000601
Trinity,100,0.0,0.0
Trinity,100,0.00203,0.002148
Trinity,100,0.0,0.0
Trinity,100,0.07056,0.079795
Trinity,100,0.00119,0.001376
Trinity,100,5e-05,0.000219
Trinity,100,0.10747,0.079129
Trinity,100,0.0,0.0
Trinity,100,0.02783,0.030787
Trinity,100,0.05652,0.070551
Trinity,100,0.0001,0.000704
Trinity,99,0.042248,0.072918
Trinity,99,0.110848,0.142008
Trinity,99,1.489596,3.630427
Trinity,99,0.159192,0.33029
Trinity,99,0.086091,0.420387
Trinity,99,0.34698,1.139057
Trinity,99,0.530242,0.926195
Trinity,99,0.27596,0.366864
Trinity,99,0.250051,0.895755
Trinity,99,0.350869,1.182971
Trinity,99,0.058586,0.048774
Trinity,99,0.0,0.0
Trinity,99,0.001672,0.006158
Trinity,100,0.443149,0.326176
Trinity,99,0.142942,0.183184
Trinity,100,0.323111,0.354883
Trinity,99,2.68079,6.534453
Trinity,99,0.279828,0.216722
Trinity,100,4.013,7.426919
Tulare,8080,10.064109,20.054847
Tulare,8080,10.064109,20.054847
Tulare,116,0.0,0.0
Tulare,116,0.061267,0.050496
Tulare,116,0.002233,0.001494
Tulare,116,0.041655,0.02668
Tulare,116,3.4e-05,0.000226
Tulare,116,0.001224,0.002523
Tulare,116,0.010388,0.028287
Tulare,116,0.050759,0.041724
Tulare,116,0.000483,0.000597
Tulare,116,0.001198,0.001065
Tulare,116,2.6e-05,0.000159
Tulare,116,0.023922,0.019642
Tulare,116,0.001629,0.001998
Tulare,116,1.7e-05,0.000131
Tulare,116,0.004431,0.00366
Tulare,116,9e-06,9.3e-05
Tulare,116,0.154931,0.123719
Tulare,116,0.002776,0.002367
Tulare,116,0.000397,0.000526
Tulare,116,0.323647,0.243652
Tulare,116,3.4e-05,0.000226
Tulare,116,0.061621,0.071404
Tulare,116,0.070371,0.070029
Tulare,116,0.000207,0.001613
Tulare,117,0.037301,0.049061
Tulare,117,0.578675,0.644889
Tulare,117,3.148547,5.999034
Tulare,117,0.329487,0.50794
Tulare,117,0.345778,0.899578
Tulare,117,0.901726,2.298576
Tulare,117,0.854462,1.221567
Tulare,117,0.478171,0.515936
Tulare,117,0.568581,1.181699
Tulare,117,0.813009,1.651417
Tulare,117,0.084906,0.067874
Tulare,117,1.7e-05,0.000185
Tulare,117,0.005012,0.012095
Tulare,116,1.335083,1.005248
Tulare,117,0.746483,0.831932
Tulare,116,0.719902,0.56809
Tulare,117,5.667576,10.798607
Tulare,117,0.837829,0.618109
Tulare,116,11.357759,24.12671
Tulare,8610,11.770964,9.850929
Tulare,58,0.020397,0.00302
Tulare,58,0.001086,0.000431
Tulare,58,0.183431,0.117739
Tulare,58,0.005483,0.009112
Tulare,58,0.003672,0.001986
Tulare,58,0.079828,0.062167
Tulare,58,0.002431,0.00245
Tulare,58,0.002,0.0
Tulare,58,0.011172,0.008778
Tulare,58,0.046586,0.084647
Tulare,58,0.127828,0.10151
Tulare,58,0.002517,0.000903
Tulare,58,0.003103,0.001784
Tulare,58,0.003,0.0
Tulare,58,0.00219,0.000847
Tulare,58,0.002,0.0
Tulare,58,0.01569,0.010527
Tulare,58,0.001034,0.000184
Tulare,58,0.022569,0.007742
Tulare,58,0.009983,0.00892
Tulare,58,0.002034,0.000263
Tulare,58,0.266259,0.256539
Tulare,58,0.013328,0.005552
Tulare,58,0.002517,0.003677
Tulare,58,0.423552,0.234527
Tulare,58,0.001,0.0
Tulare,58,0.144155,0.192433
Tulare,58,0.002,0.0
Tulare,57,0.882982,0.934366
Tulare,57,0.092456,0.161237
Tulare,57,2.532982,3.04662
Tulare,58,3.958621,2.12124
Tulare,58,0.321207,0.366022
Tulare,58,3.727586,2.038385
Tulare,58,0.335172,0.286223
Tulare,58,0.792759,0.468487
Tulare,58,1.134483,0.549744
Tulare,58,0.602241,0.226088
Tulare,58,0.868448,0.646903
Tulare,58,0.549655,0.480854
Tulare,58,1.283448,1.00503
Tulare,58,0.112759,0.061553
Tulare,58,0.05,0.0
Tulare,58,1.099828,0.745465
Tulare,33,0.269394,0.359435
Tulare,31,0.048387,0.068171
Tulare,33,0.02303,0.025432
Tulare,57,0.951053,0.522882
Tulare,56,12.169643,8.307038
Tulare,8474,9.531508,6.646688
Tulare,354,9.457062,5.175423
Ventura,8629,6.631359,4.688913
Ventura,8639,5.539414,4.517035
Ventura,8646,4.304997,4.816382
Ventura,8518,5.945527,4.982472
Ventura,8603,6.789143,4.943714
Ventura,8345,6.243859,4.774778
Yolo,8602,6.144699,5.989389
Yolo,360,6.083056,4.528814
Yolo,7231,7.724934,8.001244
Yolo,7176,7.660535,7.963025
Yolo,7231,7.724934,8.001244
